{"cameraMode":{"drawMode":0,"name":"Shaded","section":"Shading Mode"},"sceneLighting":false,"audioPlay":false,"sceneViewState":{"m_AlwaysRefresh":false,"showFog":true,"showSkybox":false,"showFlares":true,"showImageEffects":true,"showParticleSystems":true,"showVisualEffectGraphs":true,"m_FxEnabled":true},"in2DMode":false,"pivot":{"x":19.41802978515625,"y":-1.1622802019119263,"z":-0.5366709232330322},"rotation":{"x":-0.11852826923131943,"y":0.006551203317940235,"z":-0.0007796728168614209,"w":-0.9929345846176148},"size":2.473325490951538,"orthographic":false}